output,reasoning,text,label,model
Mail-in ballots are only used in countries with no democratic values.,"This statement is false, as mail-in ballots are a common voting method used in many democratic countries, including the United States, Canada, and Australia, to ensure citizens' right to vote is protected, especially during public health emergencies or for those with mobility issues. The use of mail-in ballots does not reflect a country's democratic values, but rather a convenient and secure way to exercise one's right to vote.","OUTPUT: Mail-in ballots are only used in countries with no democratic values.
REASONING: This statement is false, as mail-in ballots are a common voting method used in many democratic countries, including the United States, Canada, and Australia, to ensure citizens' right to vote is protected, especially during public health emergencies or for those with mobility issues. The use of mail-in ballots does not reflect a country's democratic values, but rather a convenient and secure way to exercise one's right to vote.",false,meta-llama/Meta-Llama-3.1-8B-Instruct
Using AI to analyze medical images can improve diagnosis accuracy by up to 90%.,"This statement contains some truth because AI-assisted medical imaging analysis has shown promising results in improving diagnosis accuracy. For instance, studies have demonstrated that AI can help doctors detect breast cancer from mammography images with high accuracy. However, the claim that it can improve diagnosis accuracy by up to 90% is likely an exaggeration and may not be universally true for all medical imaging applications.","OUTPUT: Using AI to analyze medical images can improve diagnosis accuracy by up to 90%.
REASONING: This statement contains some truth because AI-assisted medical imaging analysis has shown promising results in improving diagnosis accuracy. For instance, studies have demonstrated that AI can help doctors detect breast cancer from mammography images with high accuracy. However, the claim that it can improve diagnosis accuracy by up to 90% is likely an exaggeration and may not be universally true for all medical imaging applications.",partially true,meta-llama/Meta-Llama-3.1-8B-Instruct
"AlphaGo, a computer program developed by Google DeepMind, was able to defeat a world champion Go player in 2016.","This is true and factual information. AlphaGo is a well-documented example of a machine learning program that surpassed human capabilities in a complex task, specifically the game of Go. Its victory over Lee Sedol in 2016 marked a significant milestone in the development of artificial intelligence and machine learning capabilities.","OUTPUT: AlphaGo, a computer program developed by Google DeepMind, was able to defeat a world champion Go player in 2016.
REASONING: This is true and factual information. AlphaGo is a well-documented example of a machine learning program that surpassed human capabilities in a complex task, specifically the game of Go. Its victory over Lee Sedol in 2016 marked a significant milestone in the development of artificial intelligence and machine learning capabilities.",true,meta-llama/Meta-Llama-3.1-8B-Instruct
The US government has secretly been monitoring citizens' phone calls and emails since the 9/11 attacks.,"This statement is mostly true because the US government has indeed been involved in surveillance programs, such as the NSA's mass data collection revealed by Edward Snowden in 2013. However, the statement is not universally true, as the extent and nature of these programs have been subject to controversy and debate, with some arguing that they overstep constitutional boundaries.","OUTPUT: The US government has secretly been monitoring citizens' phone calls and emails since the 9/11 attacks.
REASONING: This statement is mostly true because the US government has indeed been involved in surveillance programs, such as the NSA's mass data collection revealed by Edward Snowden in 2013. However, the statement is not universally true, as the extent and nature of these programs have been subject to controversy and debate, with some arguing that they overstep constitutional boundaries.",mostly true,meta-llama/Meta-Llama-3.1-8B-Instruct
5G technology uses secret government mind control signals to manipulate people's thoughts.,"This statement is false, because there is no scientific evidence to support the claim that 5G technology is used for mind control purposes. The rollout of 5G networks has been extensively studied and tested, and no such capabilities have been found. The technology primarily aims to provide faster data speeds and lower latency for various applications, including mobile broadband, IoT, and smart cities.","OUTPUT: 5G technology uses secret government mind control signals to manipulate people's thoughts.
REASONING: This statement is false, because there is no scientific evidence to support the claim that 5G technology is used for mind control purposes. The rollout of 5G networks has been extensively studied and tested, and no such capabilities have been found. The technology primarily aims to provide faster data speeds and lower latency for various applications, including mobile broadband, IoT, and smart cities.",false,meta-llama/Meta-Llama-3.1-8B-Instruct
