output,reasoning,label,model
Investing in cryptocurrencies is a surefire way to get rich quickly and easily.,"This statement is partially true because investing in cryptocurrencies has the potential to generate significant returns, but it also comes with high risks and volatility. Many people have made fortunes by investing in cryptocurrencies, but others have lost substantial amounts due to market fluctuations and lack of regulation. The statement lacks important context regarding the risks involved and the need for thorough research and caution when investing in cryptocurrencies.",partially true,meta-llama/Meta-Llama-3.1-8B-Instruct
The concept of superintelligence in AI is still purely theoretical and has yet to be achieved in practice.,"This is true and factual information. While the idea of superintelligence has been discussed in the context of AI, current AI systems are far from achieving human-like or superintelligence levels. The development of superintelligence remains a topic of ongoing research and debate, but it has not been achieved in practice yet.",true,meta-llama/Meta-Llama-3.1-8B-Instruct
The total market capitalization of Bitcoin is calculated by multiplying the price of one Bitcoin by the total number of Bitcoins in circulation.,This is true and factual information. The market capitalization of a cryptocurrency is indeed calculated by multiplying its price by the total supply of coins in circulation. This calculation is widely used in the cryptocurrency market to estimate the overall value of a particular cryptocurrency.,true,meta-llama/Meta-Llama-3.1-8B-Instruct
The 2008 global financial crisis was caused by a housing market bubble in the United States.,"This statement is mostly true because the 2008 global financial crisis was indeed triggered by a housing market bubble in the United States, which led to a massive decline in housing prices and a subsequent collapse of the subprime mortgage market. However, it may lack nuance regarding the complex interplay of factors that contributed to the crisis, including excessive borrowing, deregulation, and global",mostly true,meta-llama/Meta-Llama-3.1-8B-Instruct
"Rising sea levels are causing more frequent coastal flooding, but the impact is mostly limited to low-lying areas.","This statement contains some truth because rising sea levels are indeed contributing to increased coastal flooding, particularly in areas with low elevation. However, the impact is not universal and is mostly limited to specific regions or areas with inadequate flood protection measures. The statement is partially true as it acknowledges the role of sea-level rise in coastal flooding but lacks nuance regarding the extent and regional",partially true,meta-llama/Meta-Llama-3.1-8B-Instruct
"The concentration of carbon dioxide in the Earth's atmosphere has increased by about 40% since the Industrial Revolution, primarily due to fossil fuel burning and deforestation.","This is true and factual information. According to NASA and the National Oceanic and Atmospheric Administration (NOAA), the concentration of carbon dioxide in the Earth's atmosphere has indeed increased by about 40% since the Industrial Revolution, primarily due to human activities such as burning fossil fuels and deforestation. This increase in",true,meta-llama/Meta-Llama-3.1-8B-Instruct
Investing in Bitcoin is a reliable way to secure your financial future.,"This statement is partially true because investing in Bitcoin can be lucrative in the short term, but it is not a reliable long-term investment due to its high volatility. Many experts have warned about the risks associated with investing in cryptocurrencies, and their prices can fluctuate rapidly, resulting in significant losses. While some people have made fortunes investing in Bitcoin, it is not a stable or secure way to secure one's financial",partially true,meta-llama/Meta-Llama-3.1-8B-Instruct
The 9/11 attacks were orchestrated by the US government to justify wars in the Middle East.,"This statement is false, as there is no credible evidence to support the claim that the US government was involved in orchestrating the 9/11 attacks. The 9/11 Commission Report, a comprehensive investigation into the attacks, concluded that the attacks were planned and carried out by Al-Qaeda. Multiple investigations, including those by the US government, have found no evidence to",false,meta-llama/Meta-Llama-3.1-8B-Instruct
"Eating a balanced diet rich in fruits, vegetables, and whole grains can help lower the risk of heart disease.","This is true and factual information. A diet rich in plant-based foods has been consistently associated with a reduced risk of cardiovascular disease in numerous studies. The fiber, vitamins, and minerals in these foods help to lower cholesterol levels, improve blood lipid profiles, and reduce inflammation, all of which contribute to a lower risk of heart disease.",true,meta-llama/Meta-Llama-3.1-8B-Instruct
Antibiotics are effective in treating bacterial infections.,"This is true and factual information. Antibiotics have been widely used and studied for decades, and numerous scientific studies have consistently shown that they are effective in treating bacterial infections by killing or inhibiting the growth of bacteria. The World Health Organization (WHO) and other reputable health authorities have endorsed the use of antibiotics for this purpose, and they remain a cornerstone of modern medicine for treating bacterial infections.",true,meta-llama/Meta-Llama-3.1-8B-Instruct
The AI model developed by Google can understand and respond to natural language inputs like humans.,"This statement is mostly true because the Google AI model, known as LaMDA, has been shown to have impressive natural language understanding and generation capabilities. However, it may not be universally true for all AI models, as some may have limitations in understanding nuances or context. The statement is largely accurate but may lack nuance regarding the capabilities of other AI models.",mostly true,meta-llama/Meta-Llama-3.1-8B-Instruct
The 2020 US presidential election was rigged against the incumbent president.,"This statement is false because numerous audits, recounts, and investigations have confirmed the integrity of the 2020 US presidential election. No credible evidence has been found to support the claim of widespread voter fraud or election rigging. In fact, several court cases and reviews by election officials have consistently concluded that the election was conducted fairly and accurately, with the incumbent president losing the electoral vote to his opponent.",false,meta-llama/Meta-Llama-3.1-8B-Instruct
Many scientists have expressed concerns about the safety of genetically modified organisms (GMOs) in food.,"This statement is mostly true because some scientists have raised valid concerns about the potential risks of GMOs, such as unintended effects on human health and the environment. However, the overwhelming scientific consensus is that GMOs are safe to eat and can have numerous benefits, such as increasing crop yields and reducing pesticide use. The statement is largely accurate but may lack nuance regarding the scientific",mostly true,meta-llama/Meta-Llama-3.1-8B-Instruct
Rising global temperatures are causing sea levels to rise.,"This statement contains some truth because climate change is indeed causing sea levels to rise due to the melting of polar ice caps and glaciers, as well as the thermal expansion of seawater. However, the statement is misleading because it oversimplifies the complexity of sea level rise, which is influenced by various factors including ocean currents, tidal patterns, and human activities such as coastal development and land subsidence.",partially true,meta-llama/Meta-Llama-3.1-8B-Instruct
,,true,meta-llama/Meta-Llama-3.1-8B-Instruct
The Earth's core is made of a thick layer of ice that's slowly melting due to human activities.,"This statement contains some truth because the Earth's core is indeed composed of iron and nickel, but it's liquid, not a thick layer of ice. However, the idea that the Earth's core is made of ice is a common misconception, and the claim that it's melting due to human activities is entirely false. This statement is partially true in that it references a",partially true,meta-llama/Meta-Llama-3.1-8B-Instruct
